INSERT INTO PAYS VALUES (1, 'FR');
INSERT INTO PAYS VALUES (2, 'CN');
INSERT INTO PAYS VALUES (3, 'BR');
INSERT INTO PAYS VALUES (4, 'NY');
INSERT INTO PAYS VALUES (5, 'NC');
INSERT INTO PAYS VALUES (6, 'CA');

INSERT INTO VILLE VALUES (1, 1, 'Paris');
INSERT INTO VILLE VALUES (2, 2, 'Shanghai');
INSERT INTO VILLE VALUES (3, 3, 'Rio de Janeiro');
INSERT INTO VILLE VALUES (4, 4, 'New York');
INSERT INTO VILLE VALUES (5, 5, 'Tontouta');
INSERT INTO VILLE VALUES (6, 6, 'Hamilton');

INSERT INTO AEROPORT VALUES ('Charle de gaulle', 1);
INSERT INTO AEROPORT VALUES ('Shanghai-Pudong', 2);
INSERT INTO AEROPORT VALUES ('Rio de Janeiro-Galeão', 3);
INSERT INTO AEROPORT VALUES ('Newark', 4);
INSERT INTO AEROPORT VALUES ('Tontouta', 5);
INSERT INTO AEROPORT VALUES ('Hamilton', 6);

INSERT INTO TERMINAL VALUES ('Charle de gaulle', 'E');
INSERT INTO TERMINAL VALUES ('Shanghai-Pudong', 'F');
INSERT INTO TERMINAL VALUES ('Rio de Janeiro-Galeão', '2AB');
INSERT INTO TERMINAL VALUES ('Newark', 'B');
INSERT INTO TERMINAL VALUES ('Tontouta', 'J');
INSERT INTO TERMINAL VALUES ('Hamilton', '56');

INSERT INTO COMPAGNIE VALUES ("Air france");
INSERT INTO COMPAGNIE VALUES ("Aircalin");
INSERT INTO COMPAGNIE VALUES ("Air austral");

INSERT INTO VOL VALUES ("Air france", 54123, "2025-01-03 15:32:12", "2025-01-03 19:32:12", "E", "F", "Charle de gaulle", "Shanghai-Pudong");
INSERT INTO VOL VALUES ("Aircalin", 98963, "2025-09-15 12:02:56", "2025-09-15 13:32:12", "2AB", "B", "Rio de Janeiro-Galeão", "Newark");
INSERT INTO VOL VALUES ("Air austral", 11215, "2026-05-10 20:00:14", "2026-05-10 21:00:01", "J", "56", "Tontouta", "Hamilton");

---------------------------------------------- Suite du code généré ----------------------------------------------

INSERT INTO PAYS VALUES (7, 'US');
INSERT INTO PAYS VALUES (8, 'GB');
INSERT INTO PAYS VALUES (9, 'DE');
INSERT INTO PAYS VALUES (10, 'IT');
INSERT INTO PAYS VALUES (11, 'ES');
INSERT INTO PAYS VALUES (12, 'JP');
INSERT INTO PAYS VALUES (13, 'AU');
INSERT INTO PAYS VALUES (14, 'SG');
INSERT INTO PAYS VALUES (15, 'AE');
INSERT INTO PAYS VALUES (16, 'IN');
INSERT INTO PAYS VALUES (17, 'MX');
INSERT INTO PAYS VALUES (18, 'ZA');
INSERT INTO PAYS VALUES (19, 'NZ');
INSERT INTO PAYS VALUES (20, 'TH');
INSERT INTO PAYS VALUES (21, 'KR');
INSERT INTO PAYS VALUES (22, 'CH');
INSERT INTO PAYS VALUES (23, 'SE');
INSERT INTO PAYS VALUES (24, 'NL');
INSERT INTO PAYS VALUES (25, 'BE');
INSERT INTO PAYS VALUES (26, 'AT');

INSERT INTO VILLE VALUES (7, 7, 'Los Angeles');
INSERT INTO VILLE VALUES (8, 8, 'Londres');
INSERT INTO VILLE VALUES (9, 9, 'Berlin');
INSERT INTO VILLE VALUES (10, 10, 'Rome');
INSERT INTO VILLE VALUES (11, 11, 'Madrid');
INSERT INTO VILLE VALUES (12, 12, 'Tokyo');
INSERT INTO VILLE VALUES (13, 13, 'Sydney');
INSERT INTO VILLE VALUES (14, 14, 'Singapour');
INSERT INTO VILLE VALUES (15, 15, 'Dubaï');
INSERT INTO VILLE VALUES (16, 16, 'Bombay');
INSERT INTO VILLE VALUES (17, 17, 'Mexico');
INSERT INTO VILLE VALUES (18, 18, 'Johannesburg');
INSERT INTO VILLE VALUES (19, 19, 'Auckland');
INSERT INTO VILLE VALUES (20, 20, 'Bangkok');
INSERT INTO VILLE VALUES (21, 21, 'Séoul');
INSERT INTO VILLE VALUES (22, 22, 'Zurich');
INSERT INTO VILLE VALUES (23, 23, 'Stockholm');
INSERT INTO VILLE VALUES (24, 24, 'Amsterdam');
INSERT INTO VILLE VALUES (25, 25, 'Bruxelles');
INSERT INTO VILLE VALUES (26, 26, 'Vienne');

INSERT INTO AEROPORT VALUES ('LAX', 7);
INSERT INTO AEROPORT VALUES ('Heathrow', 8);
INSERT INTO AEROPORT VALUES ('Berlin-Tegel', 9);
INSERT INTO AEROPORT VALUES ('Fiumicino', 10);
INSERT INTO AEROPORT VALUES ('Barajas', 11);
INSERT INTO AEROPORT VALUES ('Haneda', 12);
INSERT INTO AEROPORT VALUES ('Kingsford Smith', 13);
INSERT INTO AEROPORT VALUES ('Changi', 14);
INSERT INTO AEROPORT VALUES ('Dubai-DXB', 15);
INSERT INTO AEROPORT VALUES ('Indira Gandhi', 16);
INSERT INTO AEROPORT VALUES ('Benito Juarez', 17);
INSERT INTO AEROPORT VALUES ('OR Tambo', 18);
INSERT INTO AEROPORT VALUES ('Auckland-AKL', 19);
INSERT INTO AEROPORT VALUES ('Suvarnabhumi', 20);
INSERT INTO AEROPORT VALUES ('Incheon', 21);
INSERT INTO AEROPORT VALUES ('Zurich-ZRH', 22);
INSERT INTO AEROPORT VALUES ('Arlanda', 23);
INSERT INTO AEROPORT VALUES ('Amsterdam-AMS', 24);
INSERT INTO AEROPORT VALUES ('Zaventem', 25);
INSERT INTO AEROPORT VALUES ('Schwechat', 26);

INSERT INTO TERMINAL VALUES ('LAX', '1A');
INSERT INTO TERMINAL VALUES ('Heathrow', '5');
INSERT INTO TERMINAL VALUES ('Berlin-Tegel', 'E');
INSERT INTO TERMINAL VALUES ('Fiumicino', '3');
INSERT INTO TERMINAL VALUES ('Barajas', '4S');
INSERT INTO TERMINAL VALUES ('Haneda', 'T2');
INSERT INTO TERMINAL VALUES ('Kingsford Smith', 'I');
INSERT INTO TERMINAL VALUES ('Changi', 'T3');
INSERT INTO TERMINAL VALUES ('Dubai-DXB', '2A');
INSERT INTO TERMINAL VALUES ('Indira Gandhi', '3');
INSERT INTO TERMINAL VALUES ('Benito Juarez', '1');
INSERT INTO TERMINAL VALUES ('OR Tambo', 'B');
INSERT INTO TERMINAL VALUES ('Auckland-AKL', 'D');
INSERT INTO TERMINAL VALUES ('Suvarnabhumi', 'N');
INSERT INTO TERMINAL VALUES ('Incheon', 'T2');
INSERT INTO TERMINAL VALUES ('Zurich-ZRH', 'A');
INSERT INTO TERMINAL VALUES ('Arlanda', 'C');
INSERT INTO TERMINAL VALUES ('Amsterdam-AMS', 'D');
INSERT INTO TERMINAL VALUES ('Zaventem', '2A');
INSERT INTO TERMINAL VALUES ('Schwechat', 'T3');

INSERT INTO COMPAGNIE VALUES ('Lufthansa');
INSERT INTO COMPAGNIE VALUES ('British Airways');
INSERT INTO COMPAGNIE VALUES ('Emirates');
INSERT INTO COMPAGNIE VALUES ('Singapore Airlines');
INSERT INTO COMPAGNIE VALUES ('JAL');
INSERT INTO COMPAGNIE VALUES ('Qantas');
INSERT INTO COMPAGNIE VALUES ('Swiss');
INSERT INTO COMPAGNIE VALUES ('KLM');
INSERT INTO COMPAGNIE VALUES ('Iberia');
INSERT INTO COMPAGNIE VALUES ('ANA');
INSERT INTO COMPAGNIE VALUES ('Thai Airways');
INSERT INTO COMPAGNIE VALUES ('Korean Air');
INSERT INTO COMPAGNIE VALUES ('Air China');
INSERT INTO COMPAGNIE VALUES ('Virgin Atlantic');
INSERT INTO COMPAGNIE VALUES ('Virgin Australia');
INSERT INTO COMPAGNIE VALUES ('Finnair');
INSERT INTO COMPAGNIE VALUES ('Alitalia');
INSERT INTO COMPAGNIE VALUES ('TAP');
INSERT INTO COMPAGNIE VALUES ('Brussels Airlines');
INSERT INTO COMPAGNIE VALUES ('Austrian');

-- Vols sans correspondances
INSERT INTO VOL VALUES ('Lufthansa', 12001, '2025-02-05 08:00:00', '2025-02-05 10:30:00', 'E', '1A', 'Berlin-Tegel', 'LAX');
INSERT INTO VOL VALUES ('British Airways', 54001, '2025-02-06 14:15:00', '2025-02-06 22:45:00', '5', 'T2', 'Heathrow', 'Haneda');
INSERT INTO VOL VALUES ('Emirates', 34001, '2025-02-07 16:20:00', '2025-02-08 04:50:00', '2A', 'N', 'Dubai-DXB', 'Suvarnabhumi');
INSERT INTO VOL VALUES ('Singapore Airlines', 77001, '2025-02-08 11:00:00', '2025-02-08 18:30:00', 'T3', 'A', 'Changi', 'Zurich-ZRH');
INSERT INTO VOL VALUES ('JAL', 23001, '2025-02-09 09:30:00', '2025-02-09 11:00:00', 'T2', '3', 'Haneda', 'Fiumicino');
INSERT INTO VOL VALUES ('Qantas', 45001, '2025-02-10 22:00:00', '2025-02-11 08:15:00', 'I', 'T2', 'Kingsford Smith', 'Incheon');
INSERT INTO VOL VALUES ('Swiss', 89001, '2025-02-11 13:45:00', '2025-02-11 15:20:00', 'A', 'D', 'Zurich-ZRH', 'Amsterdam-AMS');
INSERT INTO VOL VALUES ('KLM', 11001, '2025-02-12 07:00:00', '2025-02-12 09:30:00', 'D', '4S', 'Amsterdam-AMS', 'Barajas');
INSERT INTO VOL VALUES ('Iberia', 56001, '2025-02-13 12:00:00', '2025-02-13 14:00:00', '4S', 'E', 'Barajas', 'Berlin-Tegel');
INSERT INTO VOL VALUES ('ANA', 34567, '2025-02-14 10:30:00', '2025-02-14 12:00:00', 'T2', '5', 'Haneda', 'Heathrow');
INSERT INTO VOL VALUES ('Thai Airways', 23456, '2025-02-15 18:15:00', '2025-02-16 02:30:00', 'N', 'T3', 'Suvarnabhumi', 'Changi');
INSERT INTO VOL VALUES ('Korean Air', 67890, '2025-02-16 08:45:00', '2025-02-16 16:20:00', 'T2', 'I', 'Incheon', 'Kingsford Smith');
INSERT INTO VOL VALUES ('Air China', 45678, '2025-02-17 15:00:00', '2025-02-17 23:30:00', '1', '3', 'Benito Juarez', 'Indira Gandhi');
INSERT INTO VOL VALUES ('Virgin Atlantic', 12345, '2025-02-18 11:20:00', '2025-02-18 19:50:00', '5', 'B', 'Heathrow', 'OR Tambo');
INSERT INTO VOL VALUES ('Virgin Australia', 78901, '2025-02-19 06:00:00', '2025-02-19 14:30:00', 'I', 'D', 'Kingsford Smith', 'Auckland-AKL');
INSERT INTO VOL VALUES ('Finnair', 34789, '2025-02-20 13:30:00', '2025-02-20 17:15:00', 'C', 'D', 'Arlanda', 'Amsterdam-AMS');
INSERT INTO VOL VALUES ('Alitalia', 56789, '2025-02-21 09:00:00', '2025-02-21 11:00:00', '3', 'E', 'Fiumicino', 'Berlin-Tegel');
INSERT INTO VOL VALUES ('TAP', 90123, '2025-02-22 14:45:00', '2025-02-22 18:20:00', '1', '2A', 'Benito Juarez', 'Zaventem');
INSERT INTO VOL VALUES ('Brussels Airlines', 23678, '2025-02-23 10:15:00', '2025-02-23 12:00:00', '2A', 'T3', 'Zaventem', 'Schwechat');
INSERT INTO VOL VALUES ('Austrian', 45123, '2025-02-24 16:30:00', '2025-02-25 00:45:00', 'T3', '2A', 'Schwechat', 'Dubai-DXB');

-- Vols avec correspondances
INSERT INTO VOL VALUES ('Air france', 54124, '2025-03-01 08:00:00', '2025-03-01 12:30:00', 'E', 'T2', 'Charle de gaulle', 'Haneda');
INSERT INTO VOL VALUES ('Air france', 54125, '2025-03-01 14:00:00', '2025-03-01 22:15:00', 'T2', 'T3', 'Haneda', 'Changi');

INSERT INTO VOL VALUES ('Lufthansa', 12002, '2025-03-05 09:15:00', '2025-03-05 11:45:00', 'E', '5', 'Berlin-Tegel', 'Heathrow');
INSERT INTO VOL VALUES ('Lufthansa', 12003, '2025-03-05 16:30:00', '2025-03-06 00:45:00', '5', '2A', 'Heathrow', 'Dubai-DXB');

INSERT INTO VOL VALUES ('Emirates', 34002, '2025-03-10 10:00:00', '2025-03-10 14:20:00', '2A', 'D', 'Dubai-DXB', 'Amsterdam-AMS');
INSERT INTO VOL VALUES ('Emirates', 34003, '2025-03-10 18:45:00', '2025-03-11 02:30:00', 'D', 'I', 'Amsterdam-AMS', 'Kingsford Smith');

INSERT INTO VOL VALUES ('Singapore Airlines', 77002, '2025-03-15 12:00:00', '2025-03-15 20:30:00', 'T3', 'T2', 'Changi', 'Incheon');
INSERT INTO VOL VALUES ('Singapore Airlines', 77003, '2025-03-16 06:00:00', '2025-03-16 14:15:00', 'T2', '3', 'Incheon', 'Fiumicino');

INSERT INTO VOL VALUES ('KLM', 11002, '2025-03-20 07:30:00', '2025-03-20 09:00:00', 'D', '4S', 'Amsterdam-AMS', 'Barajas');
INSERT INTO VOL VALUES ('KLM', 11003, '2025-03-20 13:15:00', '2025-03-20 18:45:00', '4S', 'T3', 'Barajas', 'Schwechat');
INSERT INTO VOL VALUES ('KLM', 11004, '2025-03-21 02:00:00', '2025-03-21 10:30:00', 'T3', 'N', 'Schwechat', 'Suvarnabhumi');

INSERT INTO VOL VALUES ('British Airways', 54002, '2025-03-25 06:00:00', '2025-03-25 08:30:00', '5', 'E', 'Heathrow', 'Berlin-Tegel');
INSERT INTO VOL VALUES ('British Airways', 54003, '2025-03-25 11:00:00', '2025-03-25 13:15:00', 'E', '4S', 'Berlin-Tegel', 'Barajas');
INSERT INTO VOL VALUES ('British Airways', 54004, '2025-03-25 16:45:00', '2025-03-25 18:20:00', '4S', 'A', 'Barajas', 'Zurich-ZRH');
INSERT INTO VOL VALUES ('British Airways', 54005, '2025-03-25 21:30:00', '2025-03-26 05:45:00', 'A', 'N', 'Zurich-ZRH', 'Suvarnabhumi');

INSERT INTO VOL VALUES ('JAL', 23002, '2025-04-01 08:00:00', '2025-04-01 10:30:00', 'T2', 'D', 'Haneda', 'Amsterdam-AMS');
INSERT INTO VOL VALUES ('JAL', 23003, '2025-04-01 14:15:00', '2025-04-01 16:00:00', 'D', 'E', 'Amsterdam-AMS', 'Berlin-Tegel');
INSERT INTO VOL VALUES ('JAL', 23004, '2025-04-01 19:30:00', '2025-04-02 03:45:00', 'E', '2A', 'Berlin-Tegel', 'Dubai-DXB');
INSERT INTO VOL VALUES ('JAL', 23005, '2025-04-02 08:00:00', '2025-04-02 16:30:00', '2A', 'I', 'Dubai-DXB', 'Kingsford Smith');

INSERT INTO VOL VALUES ('Thai Airways', 23457, '2025-04-10 10:00:00', '2025-04-10 14:45:00', 'N', '3', 'Suvarnabhumi', 'Indira Gandhi');
INSERT INTO VOL VALUES ('Thai Airways', 23458, '2025-04-10 18:30:00', '2025-04-11 02:15:00', '3', 'D', 'Indira Gandhi', 'Auckland-AKL');
